{"cameraMode":{"drawMode":0,"name":"Shaded","section":"Shading Mode"},"sceneLighting":false,"audioPlay":false,"sceneViewState":{"showFog":true,"showMaterialUpdate":false,"showSkybox":true,"showFlares":true,"showImageEffects":true,"showParticleSystems":true},"in2DMode":false,"pivot":{"x":103.30000305175781,"y":0.6000000238418579,"z":-12.5},"rotation":{"x":-0.5880465507507324,"y":0.017465617507696153,"z":-0.012702359817922116,"w":-0.8085387349128723},"size":3.391010284423828,"orthographic":false}