{"cameraMode":{"drawMode":0,"name":"Shaded","section":"Shading Mode"},"sceneLighting":false,"audioPlay":false,"sceneViewState":{"showFog":true,"showMaterialUpdate":false,"showSkybox":true,"showFlares":true,"showImageEffects":true,"showParticleSystems":true},"in2DMode":false,"pivot":{"x":81.79000091552735,"y":0.6700000166893005,"z":-96.0},"rotation":{"x":-0.32291409373283389,"y":0.004825287498533726,"z":-0.0016457880847156048,"w":-0.946414589881897},"size":3.1389803886413576,"orthographic":false}