{"cameraMode":{"drawMode":0,"name":"Shaded","section":"Shading Mode"},"sceneLighting":false,"audioPlay":false,"sceneViewState":{"showFog":true,"showMaterialUpdate":false,"showSkybox":true,"showFlares":true,"showImageEffects":true,"showParticleSystems":true},"in2DMode":false,"pivot":{"x":103.30000305175781,"y":0.6000000238418579,"z":-12.5},"rotation":{"x":-0.32291409373283389,"y":0.004825287498533726,"z":-0.0016457880847156048,"w":-0.946414589881897},"size":3.391010284423828,"orthographic":false}