{"cameraMode":{"drawMode":0,"name":"Shaded","section":"Shading Mode"},"sceneLighting":false,"audioPlay":false,"sceneViewState":{"showFog":true,"showMaterialUpdate":false,"showSkybox":true,"showFlares":true,"showImageEffects":true,"showParticleSystems":true},"in2DMode":false,"pivot":{"x":-21.700000762939454,"y":0.453000009059906,"z":16.700000762939454},"rotation":{"x":-0.32291409373283389,"y":0.004825287498533726,"z":-0.0016457880847156048,"w":-0.946414589881897},"size":2.8578836917877199,"orthographic":false}