{"cameraMode":{"drawMode":0,"name":"Shaded","section":"Shading Mode"},"sceneLighting":true,"audioPlay":false,"sceneViewState":{"showFog":true,"showMaterialUpdate":false,"showSkybox":true,"showFlares":true,"showImageEffects":true,"showParticleSystems":true},"in2DMode":false,"pivot":{"x":186.58338928222657,"y":-2.81425142288208,"z":198.23199462890626},"rotation":{"x":-0.32291409373283389,"y":0.004825287498533726,"z":-0.0016457880847156048,"w":-0.946414589881897},"size":484.06427001953127,"orthographic":false}