{"cameraMode":{"drawMode":0,"name":"Shaded","section":"Shading Mode"},"sceneLighting":false,"audioPlay":false,"sceneViewState":{"showFog":true,"showMaterialUpdate":false,"showSkybox":true,"showFlares":true,"showImageEffects":true,"showParticleSystems":true},"in2DMode":false,"pivot":{"x":81.79000091552735,"y":0.6700000166893005,"z":-96.0},"rotation":{"x":-0.5880465507507324,"y":0.017465617507696153,"z":-0.012702359817922116,"w":-0.8085387349128723},"size":8.036361694335938,"orthographic":false}